week,max,min
0,132,557
1,73,362
2,57,364
3,76,117
4,89,252
5,99,67
6,42,114
7,67,29
8,45,57
9,56,33
10,71,29
11,99,11
12,135,29
13,117,32
14,114,32
15,128,20
16,195,44
17,266,61
18,128,38
19,143,56
20,78,33
21,398,79
22,317,92
23,106,49
24,270,39
25,259,54
26,195,87
27,126,144
28,161,140
29,151,19
30,119,48
31,150,49
32,82,57
33,48,46
34,48,59
35,40,83
36,21,152
37,17,17
38,27,93
39,105,151
40,49,124
41,20,94
42,18,101
43,76,190
44,67,138
45,43,273
46,30,383
47,70,206
48,66,216
49,38,119
50,21,207
51,13,121
52,164,755
53,116,385
54,56,238
55,46,96
56,64,237
57,57,171
58,43,57
59,38,29
60,63,88
61,54,63
62,75,28
63,53,16
64,88,18
65,124,43
66,129,24
67,74,30
68,202,20
69,253,67
70,272,40
71,141,38
72,78,52
73,151,36
74,167,34
75,107,56
76,132,39
77,182,91
78,139,126
79,200,81
80,171,12
81,149,36
82,330,47
83,225,29
84,55,46
85,50,35
86,23,23
87,80,41
88,61,73
89,27,99
90,10,61
91,108,98
92,34,99
93,15,110
94,11,64
95,49,168
96,23,268
97,40,52
98,17,124
99,30,104
100,58,210
101,41,127
102,21,164
103,35,204
104,133,272
105,76,167
106,55,516
107,37,234
108,38,202
109,34,81
110,36,41
111,40,206
112,84,40
113,65,45
114,62,32
115,47,6
116,75,27
117,112,34
118,90,32
119,92,33
120,53,20
121,164,35
122,109,14
123,132,37
124,188,36
125,175,20
126,129,41
127,81,69
128,71,52
129,224,72
130,319,72
131,199,53
132,252,27
133,112,27
134,87,44
135,164,30
136,52,32
137,74,20
138,115,25
139,70,74
140,24,43
141,18,52
142,16,107
143,51,115
144,36,87
145,29,79
146,23,106
147,37,122
148,67,114
149,21,72
150,32,117
151,25,153
152,87,380
153,42,516
154,94,157
155,177,140
156,373,469
157,319,653
158,226,445
159,217,247
160,109,340
161,196,139
162,147,210
163,131,130
164,96,81
165,286,97
166,199,51
167,147,44
168,343,51
169,250,59
170,208,81
171,245,31
172,274,25
173,279,62
174,226,83
175,295,87
176,154,60
177,488,39
178,410,162
179,300,67
180,219,84
181,441,59
182,301,87
183,419,77
184,172,66
185,236,90
186,174,51
187,124,62
188,128,42
189,86,105
190,128,50
191,147,106
192,54,113
193,64,184
194,29,115
195,84,105
196,48,129
197,37,147
198,18,120
199,20,127
200,50,480
201,34,212
202,42,205
203,21,122
204,45,346
205,25,248
206,17,288
207,14,244
208,40,368
209,40,284
210,33,344
211,32,175
212,40,72
213,47,168
214,49,103
215,40,51
216,32,61
217,101,71
218,61,37
219,65,26
220,62,23
221,121,49
222,125,54
223,107,38
224,131,9
225,145,38
226,112,66
227,143,35
228,164,48
229,129,42
230,157,68
231,254,51
232,293,96
233,190,66
234,185,83
235,180,83
236,213,53
237,188,52
238,113,47
239,207,118
240,85,38
241,188,62
242,66,34
243,116,96
244,56,96
245,39,46
246,34,87
247,43,145
248,49,176
249,40,87
250,35,103
251,46,81
252,62,175
253,55,182
254,43,156
255,27,344
256,64,184
257,50,145
258,29,96
259,26,151
260,43,184
261,62,297
262,51,624
263,47,212
264,54,40
265,68,172
266,44,165
267,48,61
268,35,75
269,89,55
270,78,23
271,53,30
272,86,24
273,88,27
274,86,38
275,126,17
276,139,13
277,129,13
278,147,39
279,253,25
280,167,29
281,88,30
282,190,44
283,184,44
284,131,51
285,206,34
286,269,47
287,452,44
288,271,30
289,146,63
290,290,55
291,1101,78
292,452,44
293,51,42
294,45,45
295,56,55
296,62,64
297,43,65
298,41,93
299,25,83
300,54,105
301,16,74
302,23,116
303,23,114
304,72,103
305,41,126
306,26,196
307,21,190
308,49,176
309,46,161
310,33,165
311,14,166
312,10,218
313,90,278
314,32,255
315,36,241
316,34,253
317,49,161
318,48,134
319,41,70
320,35,244
321,66,139
322,42,35
323,65,24
324,33,16
325,57,11
326,127,52
327,67,34
328,99,30
329,54,20
330,89,44
331,115,11
332,58,18
333,101,28
334,118,39
335,171,38
336,136,23
337,94,30
338,231,28
339,214,45
340,133,65
341,155,52
342,87,47
343,107,44
344,110,29
345,57,25
346,142,33
347,38,40
348,90,63
349,30,51
350,30,35
351,21,62
352,66,109
353,27,150
354,10,120
355,32,99
356,38,113
357,35,125
358,32,96
359,30,65
360,30,245
361,36,192
362,27,112
363,29,81
364,24,187
365,102,257
366,54,403
367,33,575
368,32,142
369,97,112
370,61,69
371,79,90
372,85,53
373,41,48
374,98,36
375,172,26
376,108,19
377,63,18
378,119,44
379,85,13
380,48,17
381,106,8
382,74,31
383,73,25
384,95,23
385,105,12
386,117,28
387,168,45
388,176,27
389,94,23
390,90,19
391,196,111
392,224,42
393,293,31
394,154,35
395,140,53
396,147,54
397,121,45
398,127,54
399,59,45
400,63,62
401,39,72
402,36,83
403,53,56
404,57,149
405,58,130
406,22,169
407,33,91
408,31,53
409,26,166
410,35,196
411,47,278
412,26,177
413,81,283
414,50,379
415,26,126
416,24,165
417,79,196
418,70,168
419,36,107
420,27,71
421,50,107
422,58,133
423,41,214
424,43,211
425,96,47
426,72,44
427,89,24
428,90,32
429,92,36
430,127,44
431,85,34
432,200,26
433,117,27
434,188,50
435,262,20
436,205,27
437,159,20
438,156,18
439,247,68
440,111,46
441,119,38
442,149,13
443,154,53
444,120,47
445,190,33
446,123,20
447,166,69
448,200,41
449,103,44
450,43,53
451,39,33
452,91,64
453,37,39
454,32,73
455,33,51
456,58,87
457,37,68
458,25,131
459,28,89
460,44,98
461,54,128
462,32,177
463,26,160
464,26,137
465,87,208
466,31,422
467,39,116
468,26,80
469,131,1252
470,136,306
471,86,247
472,54,84
473,80,166
474,77,196
475,82,331
476,70,287
477,78,42
478,130,71
479,128,33
480,82,21
481,117,17
482,110,26
483,147,31
484,101,13
485,83,19
486,138,38
487,141,73
488,149,24
489,91,14
490,91,35
491,180,84
492,174,34
493,100,30
494,133,23
495,157,62
496,149,23
497,209,25
498,155,37
499,83,60
500,163,63
501,47,35
502,48,37
503,29,37
504,102,110
505,60,77
506,49,80
507,23,115
508,71,179
509,72,112
510,78,90
511,52,112
512,28,143
513,114,252
514,32,196
515,37,136
516,18,293
517,81,163
518,54,146
519,26,168
520,24,70
521,57,112
522,62,248
523,61,119
524,97,44
525,22,152
526,80,213
527,39,71
528,101,37
529,51,42
530,100,194
531,211,35
532,70,22
533,61,22
534,151,64
535,175,44
536,148,51
537,159,35
538,95,32
539,225,118
540,240,51
541,235,35
542,212,40
543,337,84
544,278,57
545,212,45
546,198,46
547,362,66
548,158,55
549,468,49
550,267,38
551,136,23
552,161,77
553,87,42
554,38,53
555,66,68
556,54,56
557,55,36
558,32,59
559,33,57
560,63,100
561,94,215
562,46,168
563,52,154
564,33,176
565,94,161
566,43,223
567,32,277
568,23,162
569,59,361
570,43,258
571,38,187
572,20,341
573,14,229
574,154,584
575,39,173
576,32,116
577,85,257
578,88,141
579,92,155
580,81,38
581,72,16
582,129,80
583,66,34
584,68,21
585,79,19
586,193,36
587,197,49
588,122,80
589,64,20
590,85,13
591,169,102
592,130,32
593,197,36
594,104,23
595,159,43
596,256,44
597,150,40
598,148,64
599,156,34
600,362,44
601,111,47
602,145,46
603,106,35
604,129,76
605,559,44
606,56,35
607,33,20
608,64,52
609,62,61
610,43,57
611,69,86
612,24,88
613,75,128
614,25,95
615,42,127
616,17,141
617,33,106
618,24,184
619,22,170
620,20,156
621,37,147
622,57,137
623,13,240
624,16,222
625,12,233
626,310,791
627,127,742
628,105,591
629,215,102
630,61,173
631,101,211
632,146,43
633,97,45
634,69,78
635,101,67
636,259,32
637,103,40
638,265,17
639,423,68
640,162,15
641,152,14
642,83,22
643,107,46
644,93,38
645,126,28
646,131,23
647,254,48
648,311,82
649,149,32
650,146,36
651,169,29
652,214,121
653,185,29
654,173,149
655,91,43
656,187,58
657,117,44
658,67,30
659,63,36
660,72,60
661,68,54
662,55,79
663,43,30
664,16,70
665,38,99
666,46,124
667,31,158
668,38,148
669,41,153
670,46,275
671,24,176
672,20,170
673,49,110
674,55,186
675,16,155
676,18,207
677,18,160
678,105,243
679,91,108
680,29,108
681,39,314
682,69,97
683,60,86
684,61,173
685,75,61
686,68,68
687,124,47
688,58,30
689,58,21
690,65,16
691,108,19
692,65,14
693,211,19
694,276,13
695,569,47
696,185,39
697,147,30
698,249,36
699,289,38
700,133,43
701,192,37
702,183,23
703,139,33
704,272,64
705,184,60
706,245,20
707,358,19
708,250,44
709,280,26
710,69,26
711,202,44
712,40,7
713,87,54
714,27,68
715,29,111
716,47,59
717,97,115
718,46,94
719,29,92
720,28,95
721,47,99
722,44,150
723,38,148
724,21,181
725,22,197
726,42,242
727,33,140
728,34,567
729,34,1044
730,70,296
731,48,85
732,20,233
733,25,360
734,27,50
735,38,77
736,42,38
737,22,57
738,19,42
739,65,44
740,30,24
741,40,25
742,88,10
743,61,26
744,78,28
745,139,20
746,133,15
747,244,19
748,198,29
749,118,23
750,78,22
751,145,8
752,114,43
753,124,18
754,82,25
755,94,28
756,211,68
757,207,68
758,163,35
759,167,15
760,162,28
761,107,27
762,70,20
763,29,26
764,34,34
765,59,80
766,26,51
767,44,53
768,6,132
769,64,124
770,33,52
771,20,97
772,15,90
773,7,175
774,58,132
775,9,98
776,20,120
777,16,82
778,27,134
779,39,149
780,13,176
781,9,97
782,50,330
783,39,776
784,92,198
785,104,814
786,73,238
787,26,492
788,98,106
789,96,72
790,33,45
791,63,70
792,55,30
793,91,6
794,48,19
795,129,27
796,176,10
797,143,19
798,34,15
799,96,21
800,99,18
801,71,28
802,117,15
803,175,178
804,124,63
805,270,30
806,218,35
807,91,59
808,322,60
809,448,38
810,65,51
811,134,51
812,79,34
813,97,71
814,95,77
815,71,40
816,79,35
817,46,56
818,23,106
819,25,91
820,39,157
821,107,242
822,67,212
823,29,82
824,40,64
825,26,86
826,34,108
827,42,362
828,36,199
829,18,475
830,34,162
831,50,130
832,17,142
833,16,61
834,42,79
835,55,112
836,49,353
837,68,90
838,47,92
839,40,61
840,24,173
841,53,78
842,92,77
843,42,65
844,50,76
845,40,19
846,49,30
847,145,21
848,99,15
849,93,22
850,62,14
851,79,39
852,111,36
853,89,36
854,169,26
855,212,26
856,214,55
857,78,21
858,235,15
859,100,41
860,173,59
861,146,48
862,74,36
863,130,30
864,105,60
865,192,48
866,94,39
867,126,39
868,79,46
869,55,85
870,40,117
871,27,122
872,48,114
873,50,159
874,97,103
875,41,199
876,23,30
877,23,44
878,48,162
879,29,387
880,27,94
881,23,52
882,21,105
883,21,199
884,18,91
885,20,63
886,21,53
887,57,195
888,27,634
889,31,319
890,32,197
891,34,79
892,36,35
893,18,65
894,17,21
895,56,45
896,48,50
897,26,13
898,54,10
899,67,26
900,78,12
901,83,4
902,162,21
903,94,3
904,124,51
905,98,29
906,82,44
907,43,23
908,153,60
909,102,25
910,305,38
911,113,38
912,262,16
913,79,22
914,241,38
915,112,22
916,225,12
917,110,52
918,54,36
919,88,25
920,33,36
921,70,47
922,31,67
923,25,45
924,24,48
925,71,113
926,53,99
927,33,125
928,37,96
929,27,40
930,61,84
931,29,156
932,32,231
933,34,83
934,45,111
935,42,85
936,18,301
937,15,113
938,15,203
939,54,361
940,56,124
941,54,155
942,19,219
943,44,213
944,50,69
945,24,40
946,39,34
947,55,32
948,38,47
949,36,25
950,83,21
951,91,9
952,109,34
953,110,41
954,110,11
955,101,20
956,79,41
957,163,19
958,178,27
959,117,22
960,140,26
961,354,51
962,229,40
963,315,25
964,449,26
965,254,53
966,416,33
967,356,17
968,228,18
969,178,29
970,99,51
971,108,59
972,100,63
973,42,41
974,264,85
975,46,160
976,24,157
977,54,64
978,235,227
979,36,79
980,23,81
981,23,100
982,25,191
983,39,207
984,19,310
985,10,206
986,8,276
987,34,126
988,20,176
989,15,142
990,4,475
991,62,167
992,33,213
993,30,78
994,19,113
995,46,349
996,21,1101
997,17,37
998,33,22
999,56,79
1000,41,57
1001,73,26
1002,35,21
1003,48,12
1004,83,32
1005,98,27
1006,103,12
1007,93,27
1008,69,32
1009,146,20
1010,64,29
1011,183,17
1012,83,16
1013,224,94
1014,170,42
1015,258,71
1016,156,55
1017,556,43
1018,566,44
1019,203,18
1020,160,31
1021,140,41
1022,119,44
1023,103,42
1024,41,51
1025,60,83
1026,70,106
1027,64,161
1028,48,88
1029,68,90
1030,126,280
1031,62,115
1032,34,244
1033,33,117
1034,27,431
1035,39,103
1036,29,153
1037,28,120
1038,19,283
1039,39,128
1040,22,325
1041,12,312
1042,23,1066
1043,87,170
1044,53,52
1045,33,31
1046,39,47
1047,49,127
1048,56,177
1049,39,247
1050,40,133
1051,32,47
1052,34,20
1053,48,29
1054,57,8
1055,35,13
1056,90,47
1057,49,29
1058,74,9
1059,129,22
1060,169,89
1061,247,151
1062,69,67
1063,77,55
1064,138,61
1065,171,72
1066,127,46
1067,219,49
1068,557,46
1069,344,121
1070,342,50
1071,260,35
1072,149,50
1073,163,57
1074,714,97
1075,161,30
1076,41,89
1077,41,81
1078,47,72
1079,77,72
1080,30,112
1081,56,107
1082,46,206
1083,39,334
1084,29,144
1085,31,141
1086,59,74
1087,64,434
1088,36,109
1089,46,100
1090,20,227
1091,53,206
1092,28,126
1093,36,465
1094,40,1644
1095,140,385
1096,93,165
1097,89,199
1098,36,110
1099,21,89
1100,87,273
1101,38,91
1102,35,66
1103,51,16
1104,73,41
1105,95,25
1106,90,12
1107,64,16
1108,87,24
1109,91,12
1110,130,9
1111,124,18
1112,87,17
1113,61,30
1114,82,7
1115,84,11
1116,109,32
1117,180,59
1118,153,30
1119,93,25
1120,169,36
1121,328,49
1122,314,26
1123,158,38
1124,207,25
1125,73,25
1126,122,59
1127,187,33
1128,34,29
1129,49,35
1130,65,45
1131,30,60
1132,30,84
1133,47,78
1134,70,87
1135,48,113
1136,69,84
1137,32,231
1138,31,343
1139,61,201
1140,44,91
1141,26,70
1142,22,80
1143,33,164
1144,28,92
1145,23,62
1146,20,53
1147,28,54
1148,39,75
1149,31,87
1150,39,127
1151,36,40
1152,68,81
1153,22,57
1154,47,35
1155,56,27
1156,95,41
1157,58,14
1158,35,17
1159,24,10
1160,42,15
1161,82,39
1162,94,29
1163,52,14
1164,136,18
1165,157,41
1166,49,25
1167,81,23
1168,108,26
1169,102,28
1170,80,60
1171,89,56
1172,227,33
1173,174,45
1174,111,33
1175,78,28
1176,154,19
1177,71,37
1178,151,43
1179,548,41
1180,132,47
1181,34,78
1182,57,40
1183,39,56
1184,29,66
1185,29,54
1186,31,78
1187,50,93
1188,23,73
1189,21,122
1190,13,20
1191,40,146
1192,26,119
1193,21,61
1194,37,163
1195,78,134
1196,79,293
1197,61,146
1198,37,277
1199,23,386
1200,86,278
1201,29,93
1202,50,54
1203,49,64
1204,79,187
1205,39,193
1206,25,88
1207,16,78
1208,39,57
1209,71,26
1210,41,43
1211,97,10
1212,109,22
1213,116,32
1214,59,12
1215,138,32
1216,73,7
1217,180,45
1218,229,28
1219,77,25
1220,68,26
1221,75,69
1222,243,166
1223,171,74
1224,207,30
1225,138,36
1226,204,42
1227,192,31
1228,53,23
1229,62,7
1230,227,50
1231,62,36
1232,37,20
1233,45,33
1234,81,65
1235,63,97
1236,48,208
1237,24,156
1238,34,84
1239,44,111
1240,38,118
1241,25,142
1242,34,168
1243,41,236
1244,48,157
1245,43,157
1246,27,425
1247,51,113
1248,37,28
1249,18,64
1250,22,56
1251,20,305
1252,89,129
1253,69,177
1254,27,666
1255,38,193
1256,27,240
1257,33,273
1258,17,127
1259,16,54
1260,64,45
1261,102,39
1262,54,24
1263,38,25
1264,94,15
1265,54,30
1266,57,28
1267,102,11
1268,84,24
1269,66,33
1270,106,21
1271,58,30
1272,88,22
1273,126,21
1274,122,40
1275,127,52
1276,189,35
1277,493,46
1278,163,44
1279,264,49
1280,254,50
1281,541,77
1282,376,86
1283,206,86
1284,118,37
1285,17,51
1286,39,31
1287,58,107
1288,35,34
1289,35,49
1290,42,59
1291,48,174
1292,34,150
1293,41,117
1294,29,61
1295,41,131
1296,45,91
1297,31,122
1298,22,235
1299,14,152
1300,74,120
1301,28,167
1302,49,33
1303,25,41
1304,95,231
1305,67,279
1306,81,58
1307,27,39
1308,57,63
1309,46,110
1310,37,80
1311,32,16
1312,38,40
1313,50,55
1314,98,32
1315,54,23
1316,53,31
1317,88,39
1318,77,32
1319,62,20
1320,132,16
1321,73,24
1322,126,18
1323,164,17
1324,94,21
1325,196,24
1326,156,49
1327,186,36
1328,301,47
1329,161,20
1330,125,59
1331,209,30
1332,249,24
1333,156,38
1334,325,81
1335,101,102
1336,111,16
1337,93,15
1338,27,66
1339,70,39
1340,14,46
1341,14,81
1342,36,89
1343,39,137
1344,42,51
1345,41,101
1346,22,128
1347,64,194
1348,55,266
1349,57,148
1350,29,109
1351,29,145
1352,47,216
1353,38,296
1354,66,200
1355,24,314
1356,53,198
1357,47,251
1358,58,183
1359,21,270
1360,32,339
1361,34,679
1362,62,123
1363,51,44
1364,47,77
1365,94,123
1366,150,49
1367,41,38
1368,23,21
1369,40,37
1370,300,20
1371,76,31
1372,162,34
1373,56,24
1374,62,47
1375,210,18
1376,131,41
1377,103,25
1378,191,23
1379,226,40
1380,63,25
1381,92,27
1382,247,146
1383,148,114
1384,146,61
1385,187,35
1386,140,41
1387,247,88
1388,213,61
1389,103,51
1390,122,47
1391,89,62
1392,31,90
1393,40,153
1394,19,236
1395,59,178
1396,61,187
1397,51,158
1398,30,249
1399,29,113
1400,36,206
1401,35,227
1402,31,206
1403,19,228
1404,63,161
1405,22,55
1406,31,229
1407,42,353
1408,46,407
1409,116,249
1410,21,406
1411,65,206
1412,8,107
1413,58,52
1414,33,44
1415,51,64
1416,76,36
1417,65,45
1418,47,39
1419,29,36
1420,70,16
1421,70,33
1422,66,41
1423,35,31
1424,42,28
1425,46,30
1426,91,34
1427,100,32
1428,141,24
1429,56,11
1430,178,124
1431,250,65
1432,123,50
1433,261,36
1434,256,80
1435,160,56
1436,216,101
1437,180,60
1438,174,30
1439,270,85
1440,155,60
1441,77,53
1442,45,47
1443,61,66
1444,50,90
1445,38,65
1446,40,109
1447,59,107
1448,60,192
1449,25,228
1450,22,203
1451,42,220
1452,56,107
1453,32,135
1454,18,268
1455,97,86
1456,74,123
1457,35,134
1458,25,512
1459,25,102
1460,30,163
1461,294,303
1462,64,271
1463,45,54
1464,20,90
1465,73,223
1466,83,98
1467,109,52
1468,102,56
1469,173,107
1470,111,157
1471,105,97
1472,117,34
1473,305,54
1474,218,77
1475,192,42
1476,255,25
1477,141,39
1478,253,66
1479,391,91
1480,360,54
1481,126,64
1482,305,85
1483,175,93
1484,267,47
1485,274,74
1486,486,45
1487,287,62
1488,329,45
1489,733,37
1490,280,56
1491,477,97
1492,255,37
1493,63,70
1494,46,53
1495,129,57
1496,139,90
1497,58,97
1498,30,123
1499,31,97
1500,71,255
1501,45,143
1502,52,173
1503,32,136
1504,58,221
1505,20,353
1506,34,154
1507,12,126
1508,37,62
1509,42,349
1510,64,216
1511,30,976
1512,37,199
1513,64,619
1514,45,175
1515,47,110
1516,27,215
1517,51,289
1518,46,107
1519,34,81
1520,23,27
1521,70,33
1522,29,47
1523,82,24
1524,75,8
1525,95,19
1526,172,40
1527,100,27
1528,144,33
1529,88,28
1530,179,66
1531,101,42
1532,82,23
1533,176,15
1534,175,24
1535,271,47
1536,247,35
1537,119,36
1538,204,48
1539,334,37
1540,194,26
1541,188,62
1542,287,36
1543,426,84
1544,76,71
1545,83,42
1546,87,24
1547,45,61
1548,74,63
1549,36,94
1550,32,97
1551,28,139
1552,90,174
1553,52,101
1554,25,178
1555,25,171
1556,36,153
1557,35,131
1558,21,115
1559,15,196
1560,44,185
1561,43,191
1562,21,140
1563,31,192
1564,20,187
1565,176,369
1566,107,93
1567,63,231
1568,68,388
1569,160,215
1570,129,48
1571,47,46
1572,77,31
1573,100,35
1574,110,37
1575,70,32
1576,47,23
1577,126,6
1578,195,29
1579,91,31
1580,215,74
1581,110,21
1582,184,54
1583,244,50
1584,130,28
1585,162,29
1586,212,31
1587,306,84
1588,227,34
1589,144,25
1590,128,16
1591,159,34
1592,191,43
1593,237,57
1594,180,32
1595,447,41
1596,82,30
1597,80,27
1598,335,40
1599,142,27
1600,395,80
1601,43,38
1602,50,72
1603,26,142
1604,54,118
1605,36,185
1606,26,50
1607,25,51
1608,26,107
1609,55,183
1610,16,299
1611,33,226
1612,55,84
1613,63,143
1614,43,344
1615,35,227
1616,26,236
1617,82,226
1618,76,140
1619,140,186
1620,48,93
1621,27,36
1622,53,174
1623,68,101
1624,43,38
1625,34,75
1626,99,98
1627,65,25
1628,66,32
1629,55,36
1630,134,48
1631,175,22
1632,109,37
1633,120,28
1634,171,29
1635,137,36
1636,154,40
1637,166,57
1638,100,36
1639,148,44
1640,146,34
1641,211,33
1642,203,31
1643,334,59
1644,306,47
1645,127,62
1646,247,34
1647,171,64
1648,511,52
1649,265,64
1650,72,56
1651,46,47
1652,56,65
1653,52,114
1654,59,113
1655,62,120
1656,74,154
1657,43,247
1658,38,148
1659,28,116
1660,42,189
1661,69,138
1662,14,131
1663,22,133
1664,32,291
1665,73,183
1666,35,169
1667,31,223
1668,55,401
1669,57,345
1670,103,248
1671,65,83
1672,40,225
1673,60,358
1674,81,148
1675,55,73
1676,60,29
1677,55,159
1678,46,227
1679,67,91
1680,86,22
1681,69,26
1682,139,41
1683,63,40
1684,305,23
1685,128,33
1686,131,34
1687,133,55
1688,175,32
1689,112,48
1690,129,19
1691,331,49
1692,147,27
1693,257,35
1694,328,34
1695,486,106
1696,532,34
1697,1155,56
1698,158,15
1699,115,17
1700,222,108
1701,177,64
1702,130,54
1703,75,41
1704,98,60
1705,96,92
1706,38,100
1707,37,178
1708,35,136
1709,45,155
1710,40,221
1711,57,182
1712,24,166
1713,77,275
1714,63,148
1715,32,188
1716,53,218
1717,50,330
1718,37,220
1719,82,133
1720,43,241
1721,45,240
1722,116,286
1723,24,272
1724,66,576
1725,102,492
1726,96,90
1727,24,148
1728,33,166
1729,137,357
1730,87,146
1731,207,145
1732,165,30
1733,102,23
1734,152,93
1735,138,45
1736,248,28
1737,165,18
1738,139,27
1739,247,37
1740,278,75
1741,184,47
1742,276,34
1743,179,54
1744,134,27
1745,207,25
1746,239,31
1747,251,41
1748,292,46
1749,513,41
1750,439,27
1751,221,49
1752,320,66
1753,693,50
1754,268,42
1755,98,38
1756,65,73
1757,29,62
1758,21,112
1759,20,76
1760,49,181
1761,80,118
1762,34,91
1763,31,82
1764,61,173
1765,65,258
1766,33,230
1767,34,124
1768,30,243
1769,22,191
1770,18,133
1771,19,177
1772,22,183
1773,14,161
1774,76,578
1775,20,220
1776,12,244
1777,13,439
1778,34,223
1779,30,38
1780,85,79
1781,56,16
1782,52,48
1783,85,34
1784,28,15
1785,71,15
1786,50,19
1787,56,41
1788,37,21
1789,100,5
1790,45,8
1791,120,57
1792,141,22
1793,51,14
1794,59,20
1795,113,36
1796,172,20
1797,110,28
1798,201,55
1799,87,14
1800,141,76
1801,166,32
1802,160,58
1803,138,29
1804,111,35
1805,118,47
1806,86,50
1807,49,35
1808,46,51
1809,62,85
1810,21,73
1811,28,135
1812,26,54
1813,62,151
1814,50,114
1815,12,122
1816,15,77
1817,44,179
1818,31,187
1819,23,136
1820,17,108
1821,55,220
1822,58,178
1823,18,207
1824,24,362
1825,27,364
1826,80,173
1827,54,100
1828,30,351
1829,31,165
1830,50,163
1831,53,70
1832,44,22
1833,24,26
1834,67,148
1835,98,51
1836,88,26
1837,46,29
1838,54,10
1839,155,25
1840,77,12
1841,124,14
1842,61,9
1843,102,16
1844,99,7
1845,72,8
1846,124,7
1847,129,24
1848,238,26
1849,163,21
1850,158,15
1851,245,19
1852,207,36
1853,327,22
1854,238,16
1855,372,16
1856,125,35
1857,92,28
1858,111,44
1859,119,24
1860,36,20
1861,41,67
1862,30,42
1863,28,51
1864,40,56
1865,68,95
1866,19,68
1867,15,72
1868,8,98
1869,43,145
1870,41,144
1871,21,136
1872,17,146
1873,8,164
1874,32,341
1875,41,265
1876,22,78
1877,28,52
1878,114,99
1879,38,97
1880,30,132
1881,32,325
1882,23,84
1883,32,60
1884,21,91
1885,33,321
1886,33,41
1887,35,48
1888,49,44
1889,26,15
1890,44,6
1891,73,20
1892,82,18
1893,89,10
1894,61,7
1895,82,21
1896,78,28
1897,79,26
1898,82,27
1899,176,19
1900,119,68
1901,175,51
1902,112,60
1903,157,18
1904,142,35
1905,135,25
1906,546,19
1907,560,18
1908,282,44
1909,144,40
1910,81,23
1911,45,14
1912,27,22
1913,61,86
1914,23,55
1915,16,99
1916,34,62
1917,35,72
1918,24,76
1919,9,135
1920,14,120
1921,18,137
1922,17,131
1923,17,59
1924,29,52
1925,14,184
1926,68,230
1927,30,136
1928,26,54
1929,6,59
1930,31,61
1931,26,63
1932,34,530
1933,14,58
1934,13,125
1935,55,257
1936,13,43
1937,33,92
1938,31,29
1939,72,78
1940,101,35
1941,51,20
1942,87,8
1943,48,32
1944,29,26
1945,57,7
1946,86,17
1947,124,32
1948,127,30
1949,116,16
1950,46,23
1951,95,33
1952,171,32
1953,139,28
1954,119,18
1955,90,36
1956,159,40
1957,312,29
1958,226,32
1959,310,46
1960,124,29
1961,239,24
1962,477,34
1963,261,13
1964,82,28
1965,128,98
1966,52,175
1967,30,152
1968,13,84
1969,41,61
1970,41,101
1971,6,85
1972,16,84
1973,11,170
1974,39,157
1975,12,82
1976,12,216
1977,10,224
1978,33,173
1979,26,90
1980,8,167
1981,17,87
1982,123,229
1983,206,211
1984,46,124
1985,96,267
1986,43,293
1987,61,111
1988,39,108
1989,24,44
1990,62,23
1991,83,74
1992,40,44
1993,67,7
1994,25,30
1995,92,20
1996,70,12
1997,76,14
1998,83,8
1999,169,6
2000,155,14
2001,115,3
2002,171,5
2003,67,6
2004,164,34
2005,215,93
2006,157,43
2007,319,16
2008,243,40
2009,145,34
2010,70,45
2011,134,22
2012,185,63
2013,237,57
2014,102,63
2015,197,40
2016,36,76
2017,58,104
2018,29,81
2019,19,97
2020,12,103
2021,24,68
2022,31,172
2023,25,185
2024,8,131
2025,19,140
2026,38,124
2027,8,120
2028,13,152
2029,15,237
2030,22,83
2031,23,215
2032,11,379
2033,23,298
2034,24,153
2035,56,475
2036,23,228
2037,20,755
2038,48,81
2039,210,216
2040,267,97
2041,58,44
2042,24,31
2043,106,68
2044,83,36
2045,40,33
2046,40,18
2047,41,15
2048,87,26
2049,65,2
2050,147,4
2051,136,8
2052,82,11
2053,75,8
2054,98,11
2055,61,11
2056,135,22
2057,97,18
2058,134,9
2059,327,7
2060,248,18
2061,165,17
2062,186,14
2063,98,19
2064,245,17
2065,116,40
2066,60,20
2067,84,26
2068,88,37
2069,41,39
2070,40,38
2071,22,37
2072,37,88
2073,12,101
2074,84,158
2075,18,148
2076,38,61
2077,10,78
2078,58,100
2079,21,49
2080,7,138
2081,8,39
2082,21,100
2083,13,563
2084,11,277
2085,37,246
2086,7,63
2087,31,257
2088,30,592
2089,29,24
2090,20,60
2091,14,40
2092,12,21
2093,13,28
2094,25,68
2095,36,34
2096,73,38
2097,58,18
2098,48,4
2099,58,2
2100,100,8
2101,35,10
2102,59,4
2103,41,2
2104,70,23
2105,53,19
2106,100,9
2107,171,5
2108,120,17
2109,177,31
2110,73,21
2111,95,10
2112,163,22
2113,287,46
2114,443,14
2115,148,13
2116,260,17
2117,326,30
2118,183,54
2119,106,39
2120,66,60
2121,106,66
2122,38,105
2123,21,64
2124,26,37
2125,68,67
2126,33,131
2127,27,128
2128,9,102
2129,13,178
2130,26,131
2131,12,175
2132,10,111
2133,6,282
2134,14,229
2135,14,115
2136,14,164
2137,3,75
2138,10,62
2139,349,720
2140,91,374
2141,83,271
2142,46,431
2143,98,475
2144,58,442
2145,115,260
2146,182,66
2147,45,56
2148,30,6
2149,40,10
2150,243,8
2151,70,11
2152,165,26
2153,203,10
2154,42,14
2155,153,4
2156,102,25
2157,170,11
2158,116,13
2159,151,10
2160,422,9
2161,324,16
2162,219,18
2163,127,7
2164,285,17
2165,217,41
2166,245,19
2167,162,30
2168,565,20
2169,339,32
2170,96,23
2171,21,30
2172,117,18
2173,86,26
2174,91,71
2175,34,43
2176,11,60
2177,42,38
2178,32,133
2179,10,89
2180,25,74
2181,36,130
2182,18,165
2183,22,156
2184,16,74
2185,11,154
2186,18,87
2187,18,180
2188,14,65
2189,32,56
2190,12,61
2191,20,115
2192,34,54
2193,24,269
2194,10,88
2195,16,129
2196,14,343
2197,20,89
2198,25,5
2199,25,12
2200,54,36
2201,80,14
2202,116,9
2203,53,12
2204,61,10
2205,62,7
2206,41,6
2207,122,7
2208,48,12
2209,44,9
2210,78,14
2211,124,6
2212,67,6
2213,114,15
2214,70,20
2215,120,8
2216,345,17
2217,690,12
2218,540,11
2219,171,22
2220,121,26
2221,149,36
2222,189,38
2223,123,29
2224,156,38
2225,45,28
2226,40,44
2227,23,88
2228,20,49
2229,17,54
2230,42,82
2231,16,122
2232,10,82
2233,13,87
2234,12,118
2235,15,86
2236,15,105
2237,20,44
2238,6,67
2239,20,96
2240,21,106
2241,11,112
2242,12,103
2243,43,95
2244,86,96
2245,59,390
2246,58,139
2247,26,82
2248,18,66
2249,15,77
2250,28,23
2251,13,28
2252,36,26
2253,27,25
2254,24,15
2255,14,2
2256,40,6
2257,25,2
2258,46,4
2259,24,5
2260,55,6
2261,88,3
2262,89,6
2263,39,4
2264,59,5
2265,83,4
2266,99,6
2267,172,8
2268,111,8
2269,391,5
2270,77,11
2271,99,9
2272,61,14
2273,74,13
2274,48,18
2275,49,9
2276,27,7
2277,12,7
2278,7,7
2279,12,16
2280,8,34
2281,11,24
2282,6,21
2283,15,29
2284,3,20
2285,1,18
2286,2,47
2287,2,33
2288,2,27
2289,1,23
2290,0,49
2291,0,63
2292,2,358
2293,9,93
2294,11,64
2295,29,89
2296,75,718
2297,24,47
2298,24,45
2299,6,131
2300,7,190
2301,6,156
2302,6,26
2303,3,5
2304,5,121
2305,21,10
2306,9,9
2307,10,9
2308,21,5
2309,12,4
2310,6,2
2311,19,1
2312,15,5
2313,21,13
2314,18,1
2315,29,8
2316,33,5
2317,21,2
2318,32,16
2319,16,6
2320,24,7
2321,42,9
2322,74,32
2323,107,15
2324,108,6
2325,78,25
2326,73,29
2327,40,15
2328,21,10
2329,22,9
2330,12,25
2331,12,24
2332,9,22
2333,6,9
2334,6,18
2335,9,28
2336,16,21
2337,23,15
2338,17,33
2339,5,44
2340,7,35
2341,8,50
2342,3,28
2343,1,34
2344,3,18
2345,1,5
2346,0,16
2347,2,69
2348,14,52
2349,1,80
2350,5,11
2351,5,21
2352,5,13
2353,14,31
2354,6,148
2355,4,358
2356,11,9
2357,10,7
2358,9,4
2359,4,3
2360,8,3
2361,5,7
2362,14,0
2363,10,3
2364,8,0
2365,14,1
2366,11,3
2367,9,4
2368,25,2
2369,42,6
2370,26,2
2371,53,1
2372,49,5
2373,165,7
2374,317,6
2375,43,3
2376,26,10
2377,31,2
2378,43,4
2379,137,1
2380,80,11
2381,10,17
2382,15,11
2383,13,0
2384,4,5
2385,1,7
2386,2,5
2387,7,16
2388,8,13
2389,2,23
2390,4,8
2391,4,10
2392,7,9
2393,2,17
2394,3,28
2395,4,26
2396,50,48
2397,32,81
2398,13,57
2399,22,59
2400,44,64
2401,18,38
2402,3,39
2403,7,57
2404,19,14
2405,18,13
2406,32,80
2407,47,3
2408,43,1
2409,29,0
2410,25,4
2411,18,0
2412,43,0
2413,30,4
2414,36,5
2415,42,2
2416,26,3
2417,39,6
2418,39,3
2419,49,1
2420,27,2
2421,35,7
2422,23,14
2423,16,12
2424,100,0
2425,21,3
2426,37,14
2427,44,8
2428,58,4
2429,34,7
2430,49,9
2431,25,11
2432,26,21
2433,16,13
2434,10,7
2435,19,11
2436,3,17
2437,3,14
2438,7,16
2439,2,18
2440,4,26
2441,3,23
2442,1,13
2443,13,21
2444,7,28
2445,5,27
2446,10,28
2447,1,21
2448,1,31
2449,1,62
2450,4,153
2451,2,8
2452,10,40
2453,8,193
2454,5,78
2455,7,23
2456,16,12
2457,9,17
2458,89,12
2459,7,2
2460,16,5
2461,13,25
2462,11,12
2463,5,5
2464,8,1
2465,8,4
2466,27,6
2467,18,4
2468,10,1
2469,22,9
2470,9,7
2471,30,6
2472,25,5
2473,24,3
2474,20,5
2475,39,3
2476,67,8
2477,24,2
2478,23,30
2479,44,2
2480,31,8
2481,36,6
2482,43,11
2483,60,2
2484,20,6
2485,2,8
2486,10,9
2487,45,9
2488,4,8
2489,15,11
2490,12,9
2491,4,26
2492,15,25
2493,8,37
2494,12,25
2495,3,43
2496,4,17
2497,1,23
2498,3,16
2499,1,9
2500,2,15
2501,1,37
2502,1,17
2503,0,42
2504,14,253
2505,17,125
2506,11,105
2507,7,36
2508,3,14
2509,8,19
2510,3,22
2511,6,35
2512,11,43
2513,7,14
2514,6,1
2515,7,1
2516,6,2
2517,10,3
2518,9,2
2519,16,0
2520,19,2
2521,24,5
2522,24,0
2523,16,0
2524,22,4
2525,47,4
2526,36,3
2527,27,2
2528,44,10
2529,29,5
2530,128,4
2531,80,6
2532,171,17
2533,86,7
2534,185,7
2535,81,6
2536,335,1
2537,6,11
2538,9,16
2539,7,3
2540,3,9
2541,5,6
2542,4,17
2543,2,8
2544,3,15
2545,4,40
2546,1,18
2547,3,6
2548,1,7
2549,3,40
2550,0,14
2551,18,10
2552,6,11
2553,8,17
2554,4,12
2555,6,17
2556,9,61
2557,6,15
2558,23,25
2559,11,33
2560,66,202
2561,11,188
2562,2,46
2563,4,9
2564,1,8
2565,8,47
2566,3,0
2567,5,0
2568,3,0
2569,16,8
2570,20,0
2571,9,3
2572,13,3
2573,10,4
2574,7,0
2575,12,4
2576,20,2
2577,28,2
2578,23,10
2579,43,2
2580,11,3
2581,22,17
2582,97,4
2583,96,4
2584,29,6
2585,112,3
2586,287,6
2587,15,5
2588,18,7
2589,16,5
2590,11,4
2591,3,2
2592,7,5
2593,9,3
2594,7,5
2595,2,6
2596,5,8
2597,1,17
2598,4,7
2599,7,20
2600,1,15
2601,2,23
2602,4,8
2603,4,7
2604,4,14
2605,8,15
2606,2,7
2607,57,12
2608,13,27
2609,30,13
2610,1,96
2611,5,15
2612,2,6
2613,18,8
2614,1,21
2615,1,14
2616,0,6
2617,4,5
2618,6,4
2619,1,0
2620,2,3
2621,2,0
2622,3,1
2623,3,2
